id,timestamp,x,y,sensor-id
4,2021-01-01 00:00:00,12.199293809674272, 49.68118835376576, 100
4,2021-01-01 00:05:00,12.199293809674272, 49.68118835376576, 100
4,2021-01-01 00:10:00,12.199357222072447, 49.68121209393873, 101
4,2021-01-01 00:15:00,12.199405430866396, 49.68115663939327, 105
4,2021-01-01 00:20:00,12.199357222072447, 49.68121209393873, 101
4,2021-01-01 00:25:00,12.199309013278498, 49.681267548484186, 97
4,2021-01-01 00:30:00,12.199309013278498, 49.681267548484186, 97
4,2021-01-01 00:35:00,12.199260804484549, 49.68132300302965, 93
4,2021-01-01 00:40:00,12.1992125956906, 49.6813784575751, 89
4,2021-01-01 00:45:00,12.19916438689665, 49.681433912120546, 85
4,2021-01-01 00:50:00,12.199100974498474, 49.681410171947576, 84
4,2021-01-01 00:55:00,12.1990375621003, 49.681386431774605, 83
4,2021-01-01 01:00:00,12.1990375621003, 49.681386431774605, 83
4,2021-01-01 01:05:00,12.1990375621003, 49.681386431774605, 83
4,2021-01-01 01:10:00,12.1990375621003, 49.681386431774605, 83
4,2021-01-01 01:15:00,12.1990375621003, 49.681386431774605, 83
4,2021-01-01 01:20:00,12.1990375621003, 49.681386431774605, 83
4,2021-01-01 01:25:00,12.1990375621003, 49.681386431774605, 83
4,2021-01-01 01:30:00,12.1990375621003, 49.681386431774605, 83
4,2021-01-01 01:35:00,12.1990375621003, 49.681386431774605, 83
4,2021-01-01 01:40:00,12.1990375621003, 49.681386431774605, 83
4,2021-01-01 01:45:00,12.1990375621003, 49.681386431774605, 83
4,2021-01-01 01:50:00,12.1990375621003, 49.681386431774605, 83
4,2021-01-01 01:55:00,12.1990375621003, 49.681386431774605, 83
4,2021-01-01 02:00:00,12.1990375621003, 49.681386431774605, 83
4,2021-01-01 02:05:00,12.1990375621003, 49.681386431774605, 83
4,2021-01-01 02:10:00,12.1990375621003, 49.681386431774605, 83
4,2021-01-01 02:15:00,12.1990375621003, 49.681386431774605, 83
4,2021-01-01 02:20:00,12.1990375621003, 49.681386431774605, 83
4,2021-01-01 02:25:00,12.1990375621003, 49.681386431774605, 83
4,2021-01-01 02:30:00,12.1990375621003, 49.681386431774605, 83
4,2021-01-01 02:35:00,12.1990375621003, 49.681386431774605, 83
4,2021-01-01 02:40:00,12.1990375621003, 49.681386431774605, 83
4,2021-01-01 02:45:00,12.1990375621003, 49.681386431774605, 83
4,2021-01-01 02:50:00,12.1990375621003, 49.681386431774605, 83
4,2021-01-01 02:55:00,12.1990375621003, 49.681386431774605, 83
4,2021-01-01 03:00:00,12.1990375621003, 49.681386431774605, 83
4,2021-01-01 03:05:00,12.1990375621003, 49.681386431774605, 83
4,2021-01-01 03:10:00,12.1990375621003, 49.681386431774605, 83
4,2021-01-01 03:15:00,12.1990375621003, 49.681386431774605, 83
4,2021-01-01 03:20:00,12.199100974498474, 49.681410171947576, 84
4,2021-01-01 03:25:00,12.19916438689665, 49.681433912120546, 85
4,2021-01-01 03:30:00,12.1992125956906, 49.6813784575751, 89
4,2021-01-01 03:35:00,12.199260804484549, 49.68132300302965, 93
4,2021-01-01 03:40:00,12.199309013278498, 49.681267548484186, 97
4,2021-01-01 03:45:00,12.199357222072447, 49.68121209393873, 101
4,2021-01-01 03:50:00,12.199357222072447, 49.68121209393873, 101
4,2021-01-01 03:55:00,12.199357222072447, 49.68121209393873, 101
4,2021-01-01 04:00:00,12.199293809674272, 49.68118835376576, 100
4,2021-01-01 04:05:00,12.199230397276095, 49.681164613592784, 99
4,2021-01-01 04:10:00,12.199166984877918, 49.681140873419814, 98
4,2021-01-01 04:15:00,12.199166984877918, 49.681140873419814, 98
4,2021-01-01 04:20:00,12.199230397276095, 49.681164613592784, 99
4,2021-01-01 04:25:00,12.199293809674272, 49.68118835376576, 100
4,2021-01-01 04:30:00,12.199293809674272, 49.68118835376576, 100
4,2021-01-01 04:35:00,12.199293809674272, 49.68118835376576, 100
4,2021-01-01 04:40:00,12.199245600880321, 49.681243808311216, 96
4,2021-01-01 04:45:00,12.199245600880321, 49.681243808311216, 96
4,2021-01-01 04:50:00,12.199309013278498, 49.681267548484186, 97
4,2021-01-01 04:55:00,12.199309013278498, 49.681267548484186, 97
4,2021-01-01 05:00:00,12.199260804484549, 49.68132300302965, 93
4,2021-01-01 05:05:00,12.1992125956906, 49.6813784575751, 89
4,2021-01-01 05:10:00,12.1992125956906, 49.6813784575751, 89
4,2021-01-01 05:15:00,12.199149183292423, 49.68135471740213, 88
4,2021-01-01 05:20:00,12.199085770894246, 49.68133097722916, 87
4,2021-01-01 05:25:00,12.199085770894246, 49.68133097722916, 87
4,2021-01-01 05:30:00,12.199085770894246, 49.68133097722916, 87
4,2021-01-01 05:35:00,12.199085770894246, 49.68133097722916, 87
4,2021-01-01 05:40:00,12.199085770894246, 49.68133097722916, 87
4,2021-01-01 05:45:00,12.199085770894246, 49.68133097722916, 87
4,2021-01-01 05:50:00,12.199085770894246, 49.68133097722916, 87
4,2021-01-01 05:55:00,12.199085770894246, 49.68133097722916, 87
4,2021-01-01 06:00:00,12.199085770894246, 49.68133097722916, 87
4,2021-01-01 06:05:00,12.199085770894246, 49.68133097722916, 87
4,2021-01-01 06:10:00,12.199085770894246, 49.68133097722916, 87
4,2021-01-01 06:15:00,12.199085770894246, 49.68133097722916, 87
4,2021-01-01 06:20:00,12.199085770894246, 49.68133097722916, 87
4,2021-01-01 06:25:00,12.199085770894246, 49.68133097722916, 87
4,2021-01-01 06:30:00,12.199085770894246, 49.68133097722916, 87
4,2021-01-01 06:35:00,12.199085770894246, 49.68133097722916, 87
4,2021-01-01 06:40:00,12.199085770894246, 49.68133097722916, 87
4,2021-01-01 06:45:00,12.199085770894246, 49.68133097722916, 87
4,2021-01-01 06:50:00,12.199149183292423, 49.68135471740213, 88
4,2021-01-01 06:55:00,12.1992125956906, 49.6813784575751, 89
4,2021-01-01 07:00:00,12.19916438689665, 49.681433912120546, 85
4,2021-01-01 07:05:00,12.19916438689665, 49.681433912120546, 85
4,2021-01-01 07:10:00,12.19916438689665, 49.681433912120546, 85
4,2021-01-01 07:15:00,12.1991161781027, 49.68148936666601, 81
4,2021-01-01 07:20:00,12.1991161781027, 49.68148936666601, 81
4,2021-01-01 07:25:00,12.1991161781027, 49.68148936666601, 81
4,2021-01-01 07:30:00,12.199067969308752, 49.68154482121146, 77
4,2021-01-01 07:35:00,12.199067969308752, 49.68154482121146, 77
4,2021-01-01 07:40:00,12.199019760514803, 49.68160027575692, 73
4,2021-01-01 07:45:00,12.198956348116628, 49.681576535583936, 72
4,2021-01-01 07:50:00,12.199019760514803, 49.68160027575692, 73
4,2021-01-01 07:55:00,12.198956348116628, 49.681576535583936, 72
4,2021-01-01 08:00:00,12.198908139322679, 49.6816319901294, 68
4,2021-01-01 08:05:00,12.198971551720856, 49.68165573030237, 69
4,2021-01-01 08:10:00,12.199019760514803, 49.68160027575692, 73
4,2021-01-01 08:15:00,12.199067969308752, 49.68154482121146, 77
4,2021-01-01 08:20:00,12.199146638222231, 49.681468548787876, 17
4,2021-01-01 08:25:00,12.199146638222231, 49.68165036696969, 24
4,2021-01-01 08:30:00,12.199423700256421, 49.68165036696969, 25
4,2021-01-01 08:35:00,12.199700762290611, 49.68165036696969, 26
4,2021-01-01 08:40:00,12.199700762290611, 49.68165036696969, 26
4,2021-01-01 08:45:00,12.199700762290611, 49.68165036696969, 26
4,2021-01-01 08:50:00,12.199700762290611, 49.681468548787876, 18
4,2021-01-01 08:55:00,12.199700762290611, 49.681468548787876, 18
4,2021-01-01 09:00:00,12.199700762290611, 49.681468548787876, 18
4,2021-01-01 09:05:00,12.199977824324801, 49.681468548787876, 19
4,2021-01-01 09:10:00,12.199977824324801, 49.681468548787876, 19
4,2021-01-01 09:15:00,12.199977824324801, 49.68128673060606, 12
4,2021-01-01 09:20:00,12.199977824324801, 49.68128673060606, 12
4,2021-01-01 09:25:00,12.199977824324801, 49.6811049124242, 4
4,2021-01-01 09:30:00,12.199977824324801, 49.6811049124242, 4
4,2021-01-01 09:35:00,12.200254886358989, 49.6811049124242, 5
4,2021-01-01 09:40:00,12.200254886358989, 49.6811049124242, 5
4,2021-01-01 09:45:00,12.200254886358989, 49.68128673060606, 13
4,2021-01-01 09:50:00,12.200254886358989, 49.68128673060606, 13
4,2021-01-01 09:55:00,12.200254886358989, 49.68128673060606, 13
4,2021-01-01 10:00:00,12.200531948393179, 49.68128673060606, 14
4,2021-01-01 10:05:00,12.200531948393179, 49.681468548787876, 21
4,2021-01-01 10:10:00,12.200531948393179, 49.681468548787876, 21
4,2021-01-01 10:15:00,12.200254886358989, 49.681468548787876, 20
4,2021-01-01 10:20:00,12.200254886358989, 49.681468548787876, 20
4,2021-01-01 10:25:00,12.199977824324801, 49.68165036696969, 27
4,2021-01-01 10:30:00,12.199977824324801, 49.68165036696969, 27
4,2021-01-01 10:35:00,12.199700762290611, 49.68165036696969, 26
4,2021-01-01 10:40:00,12.199700762290611, 49.68165036696969, 26
4,2021-01-01 10:45:00,12.199700762290611, 49.681832185151514, 31
4,2021-01-01 10:50:00,12.199700762290611, 49.681832185151514, 31
4,2021-01-01 10:55:00,12.199423700256421, 49.681832185151514, 30
4,2021-01-01 11:00:00,12.199423700256421, 49.68165036696969, 25
4,2021-01-01 11:05:00,12.199423700256421, 49.68165036696969, 25
4,2021-01-01 11:10:00,12.199146638222231, 49.68165036696969, 24
4,2021-01-01 11:15:00,12.199146638222231, 49.681468548787876, 17
4,2021-01-01 11:20:00,12.199146638222231, 49.681468548787876, 17
4,2021-01-01 11:25:00,12.199067969308752, 49.68154482121146, 77
4,2021-01-01 11:30:00,12.1991161781027, 49.68148936666601, 81
4,2021-01-01 11:35:00,12.19916438689665, 49.681433912120546, 85
4,2021-01-01 11:40:00,12.19916438689665, 49.681433912120546, 85
4,2021-01-01 11:45:00,12.19916438689665, 49.681433912120546, 85
4,2021-01-01 11:50:00,12.199100974498474, 49.681410171947576, 84
4,2021-01-01 11:55:00,12.1990375621003, 49.681386431774605, 83
4,2021-01-01 12:00:00,12.1990375621003, 49.681386431774605, 83
4,2021-01-01 12:05:00,12.1990375621003, 49.681386431774605, 83
4,2021-01-01 12:10:00,12.1990375621003, 49.681386431774605, 83
4,2021-01-01 12:15:00,12.1990375621003, 49.681386431774605, 83
4,2021-01-01 12:20:00,12.1990375621003, 49.681386431774605, 83
4,2021-01-01 12:25:00,12.1990375621003, 49.681386431774605, 83
4,2021-01-01 12:30:00,12.1990375621003, 49.681386431774605, 83
4,2021-01-01 12:35:00,12.1990375621003, 49.681386431774605, 83
4,2021-01-01 12:40:00,12.1990375621003, 49.681386431774605, 83
4,2021-01-01 12:45:00,12.1990375621003, 49.681386431774605, 83
4,2021-01-01 12:50:00,12.1990375621003, 49.681386431774605, 83
4,2021-01-01 12:55:00,12.1990375621003, 49.681386431774605, 83
4,2021-01-01 13:00:00,12.1990375621003, 49.681386431774605, 83
4,2021-01-01 13:05:00,12.1990375621003, 49.681386431774605, 83
4,2021-01-01 13:10:00,12.1990375621003, 49.681386431774605, 83
4,2021-01-01 13:15:00,12.1990375621003, 49.681386431774605, 83
4,2021-01-01 13:20:00,12.1990375621003, 49.681386431774605, 83
4,2021-01-01 13:25:00,12.1990375621003, 49.681386431774605, 83
4,2021-01-01 13:30:00,12.1990375621003, 49.681386431774605, 83
4,2021-01-01 13:35:00,12.1990375621003, 49.681386431774605, 83
4,2021-01-01 13:40:00,12.1990375621003, 49.681386431774605, 83
4,2021-01-01 13:45:00,12.1990375621003, 49.681386431774605, 83
4,2021-01-01 13:50:00,12.1990375621003, 49.681386431774605, 83
4,2021-01-01 13:55:00,12.1990375621003, 49.681386431774605, 83
4,2021-01-01 14:00:00,12.1990375621003, 49.681386431774605, 83
4,2021-01-01 14:05:00,12.1990375621003, 49.681386431774605, 83
4,2021-01-01 14:10:00,12.1990375621003, 49.681386431774605, 83
4,2021-01-01 14:15:00,12.1990375621003, 49.681386431774605, 83
4,2021-01-01 14:20:00,12.1990375621003, 49.681386431774605, 83
4,2021-01-01 14:25:00,12.1990375621003, 49.681386431774605, 83
4,2021-01-01 14:30:00,12.1990375621003, 49.681386431774605, 83
4,2021-01-01 14:35:00,12.1990375621003, 49.681386431774605, 83
4,2021-01-01 14:40:00,12.198974149702122, 49.681362691601635, 82
4,2021-01-01 14:45:00,12.1990375621003, 49.681386431774605, 83
4,2021-01-01 14:50:00,12.199085770894246, 49.68133097722916, 87
4,2021-01-01 14:55:00,12.199133979688195, 49.6812755226837, 91
4,2021-01-01 15:00:00,12.199182188482146, 49.681220068138245, 95
4,2021-01-01 15:05:00,12.199118776083969, 49.681196327965274, 94
4,2021-01-01 15:10:00,12.199118776083969, 49.681196327965274, 94
4,2021-01-01 15:15:00,12.199118776083969, 49.681196327965274, 94
4,2021-01-01 15:20:00,12.199118776083969, 49.681196327965274, 94
4,2021-01-01 15:25:00,12.199182188482146, 49.681220068138245, 95
4,2021-01-01 15:30:00,12.199182188482146, 49.681220068138245, 95
4,2021-01-01 15:35:00,12.199182188482146, 49.681220068138245, 95
4,2021-01-01 15:40:00,12.199230397276095, 49.681164613592784, 99
4,2021-01-01 15:45:00,12.199293809674272, 49.68118835376576, 100
4,2021-01-01 15:50:00,12.199293809674272, 49.68118835376576, 100
4,2021-01-01 15:55:00,12.199245600880321, 49.681243808311216, 96
4,2021-01-01 16:00:00,12.199245600880321, 49.681243808311216, 96
4,2021-01-01 16:05:00,12.199309013278498, 49.681267548484186, 97
4,2021-01-01 16:10:00,12.199260804484549, 49.68132300302965, 93
4,2021-01-01 16:15:00,12.199260804484549, 49.68132300302965, 93
4,2021-01-01 16:20:00,12.1992125956906, 49.6813784575751, 89
4,2021-01-01 16:25:00,12.1992125956906, 49.6813784575751, 89
4,2021-01-01 16:30:00,12.19916438689665, 49.681433912120546, 85
4,2021-01-01 16:35:00,12.1991161781027, 49.68148936666601, 81
4,2021-01-01 16:40:00,12.1991161781027, 49.68148936666601, 81
4,2021-01-01 16:45:00,12.199052765704526, 49.681465626493036, 80
4,2021-01-01 16:50:00,12.1991161781027, 49.68148936666601, 81
4,2021-01-01 16:55:00,12.199067969308752, 49.68154482121146, 77
4,2021-01-01 17:00:00,12.199019760514803, 49.68160027575692, 73
4,2021-01-01 17:05:00,12.198971551720856, 49.68165573030237, 69
4,2021-01-01 17:10:00,12.198908139322679, 49.6816319901294, 68
4,2021-01-01 17:15:00,12.198971551720856, 49.68165573030237, 69
4,2021-01-01 17:20:00,12.199019760514803, 49.68160027575692, 73
4,2021-01-01 17:25:00,12.199019760514803, 49.68160027575692, 73
4,2021-01-01 17:30:00,12.199067969308752, 49.68154482121146, 77
4,2021-01-01 17:35:00,12.1991161781027, 49.68148936666601, 81
4,2021-01-01 17:40:00,12.1991161781027, 49.68148936666601, 81
4,2021-01-01 17:45:00,12.19916438689665, 49.681433912120546, 85
4,2021-01-01 17:50:00,12.199100974498474, 49.681410171947576, 84
4,2021-01-01 17:55:00,12.1990375621003, 49.681386431774605, 83
4,2021-01-01 18:00:00,12.1990375621003, 49.681386431774605, 83
4,2021-01-01 18:05:00,12.1990375621003, 49.681386431774605, 83
4,2021-01-01 18:10:00,12.1990375621003, 49.681386431774605, 83
4,2021-01-01 18:15:00,12.1990375621003, 49.681386431774605, 83
4,2021-01-01 18:20:00,12.1990375621003, 49.681386431774605, 83
4,2021-01-01 18:25:00,12.1990375621003, 49.681386431774605, 83
4,2021-01-01 18:30:00,12.1990375621003, 49.681386431774605, 83
4,2021-01-01 18:35:00,12.1990375621003, 49.681386431774605, 83
4,2021-01-01 18:40:00,12.1990375621003, 49.681386431774605, 83
4,2021-01-01 18:45:00,12.1990375621003, 49.681386431774605, 83
4,2021-01-01 18:50:00,12.1990375621003, 49.681386431774605, 83
4,2021-01-01 18:55:00,12.1990375621003, 49.681386431774605, 83
4,2021-01-01 19:00:00,12.1990375621003, 49.681386431774605, 83
4,2021-01-01 19:05:00,12.1990375621003, 49.681386431774605, 83
4,2021-01-01 19:10:00,12.1990375621003, 49.681386431774605, 83
4,2021-01-01 19:15:00,12.1990375621003, 49.681386431774605, 83
4,2021-01-01 19:20:00,12.1990375621003, 49.681386431774605, 83
4,2021-01-01 19:25:00,12.1990375621003, 49.681386431774605, 83
4,2021-01-01 19:30:00,12.1990375621003, 49.681386431774605, 83
4,2021-01-01 19:35:00,12.1990375621003, 49.681386431774605, 83
4,2021-01-01 19:40:00,12.1990375621003, 49.681386431774605, 83
4,2021-01-01 19:45:00,12.1990375621003, 49.681386431774605, 83
4,2021-01-01 19:50:00,12.1990375621003, 49.681386431774605, 83
4,2021-01-01 19:55:00,12.1990375621003, 49.681386431774605, 83
4,2021-01-01 20:00:00,12.1990375621003, 49.681386431774605, 83
4,2021-01-01 20:05:00,12.1990375621003, 49.681386431774605, 83
4,2021-01-01 20:10:00,12.1990375621003, 49.681386431774605, 83
4,2021-01-01 20:15:00,12.1990375621003, 49.681386431774605, 83
4,2021-01-01 20:20:00,12.1990375621003, 49.681386431774605, 83
4,2021-01-01 20:25:00,12.1990375621003, 49.681386431774605, 83
4,2021-01-01 20:30:00,12.1990375621003, 49.681386431774605, 83
4,2021-01-01 20:35:00,12.1990375621003, 49.681386431774605, 83
4,2021-01-01 20:40:00,12.1990375621003, 49.681386431774605, 83
4,2021-01-01 20:45:00,12.1990375621003, 49.681386431774605, 83
4,2021-01-01 20:50:00,12.1990375621003, 49.681386431774605, 83
4,2021-01-01 20:55:00,12.1990375621003, 49.681386431774605, 83
4,2021-01-01 21:00:00,12.1990375621003, 49.681386431774605, 83
4,2021-01-01 21:05:00,12.1990375621003, 49.681386431774605, 83
4,2021-01-01 21:10:00,12.1990375621003, 49.681386431774605, 83
4,2021-01-01 21:15:00,12.1990375621003, 49.681386431774605, 83
4,2021-01-01 21:20:00,12.1990375621003, 49.681386431774605, 83
4,2021-01-01 21:25:00,12.1990375621003, 49.681386431774605, 83
4,2021-01-01 21:30:00,12.1990375621003, 49.681386431774605, 83
4,2021-01-01 21:35:00,12.1990375621003, 49.681386431774605, 83
4,2021-01-01 21:40:00,12.1990375621003, 49.681386431774605, 83
4,2021-01-01 21:45:00,12.1990375621003, 49.681386431774605, 83
4,2021-01-01 21:50:00,12.1990375621003, 49.681386431774605, 83
4,2021-01-01 21:55:00,12.1990375621003, 49.681386431774605, 83
4,2021-01-01 22:00:00,12.1990375621003, 49.681386431774605, 83
4,2021-01-01 22:05:00,12.1990375621003, 49.681386431774605, 83
4,2021-01-01 22:10:00,12.1990375621003, 49.681386431774605, 83
4,2021-01-01 22:15:00,12.1990375621003, 49.681386431774605, 83
4,2021-01-01 22:20:00,12.1990375621003, 49.681386431774605, 83
4,2021-01-01 22:25:00,12.199100974498474, 49.681410171947576, 84
4,2021-01-01 22:30:00,12.199100974498474, 49.681410171947576, 84
4,2021-01-01 22:35:00,12.19916438689665, 49.681433912120546, 85
4,2021-01-01 22:40:00,12.1991161781027, 49.68148936666601, 81
4,2021-01-01 22:45:00,12.1991161781027, 49.68148936666601, 81
4,2021-01-01 22:50:00,12.199067969308752, 49.68154482121146, 77
4,2021-01-01 22:55:00,12.199019760514803, 49.68160027575692, 73
4,2021-01-01 23:00:00,12.199067969308752, 49.68154482121146, 77
4,2021-01-01 23:05:00,12.1991161781027, 49.68148936666601, 81
4,2021-01-01 23:10:00,12.19916438689665, 49.681433912120546, 85
4,2021-01-01 23:15:00,12.199100974498474, 49.681410171947576, 84
4,2021-01-01 23:20:00,12.1990375621003, 49.681386431774605, 83
4,2021-01-01 23:25:00,12.1990375621003, 49.681386431774605, 83
4,2021-01-01 23:30:00,12.1990375621003, 49.681386431774605, 83
4,2021-01-01 23:35:00,12.1990375621003, 49.681386431774605, 83
4,2021-01-01 23:40:00,12.1990375621003, 49.681386431774605, 83
4,2021-01-01 23:45:00,12.1990375621003, 49.681386431774605, 83
4,2021-01-01 23:50:00,12.1990375621003, 49.681386431774605, 83
4,2021-01-01 23:55:00,12.1990375621003, 49.681386431774605, 83
4,2021-01-02 00:00:00,12.1990375621003, 49.681386431774605, 83
4,2021-01-02 00:05:00,12.1990375621003, 49.681386431774605, 83
4,2021-01-02 00:10:00,12.1990375621003, 49.681386431774605, 83
4,2021-01-02 00:15:00,12.1990375621003, 49.681386431774605, 83
4,2021-01-02 00:20:00,12.1990375621003, 49.681386431774605, 83
4,2021-01-02 00:25:00,12.1990375621003, 49.681386431774605, 83
4,2021-01-02 00:30:00,12.1990375621003, 49.681386431774605, 83
4,2021-01-02 00:35:00,12.1990375621003, 49.681386431774605, 83
4,2021-01-02 00:40:00,12.1990375621003, 49.681386431774605, 83
4,2021-01-02 00:45:00,12.1990375621003, 49.681386431774605, 83
4,2021-01-02 00:50:00,12.1990375621003, 49.681386431774605, 83
4,2021-01-02 00:55:00,12.1990375621003, 49.681386431774605, 83
4,2021-01-02 01:00:00,12.1990375621003, 49.681386431774605, 83
4,2021-01-02 01:05:00,12.1990375621003, 49.681386431774605, 83
4,2021-01-02 01:10:00,12.1990375621003, 49.681386431774605, 83
4,2021-01-02 01:15:00,12.1990375621003, 49.681386431774605, 83
4,2021-01-02 01:20:00,12.1990375621003, 49.681386431774605, 83
4,2021-01-02 01:25:00,12.1990375621003, 49.681386431774605, 83
4,2021-01-02 01:30:00,12.1990375621003, 49.681386431774605, 83
4,2021-01-02 01:35:00,12.1990375621003, 49.681386431774605, 83
4,2021-01-02 01:40:00,12.1990375621003, 49.681386431774605, 83
4,2021-01-02 01:45:00,12.1990375621003, 49.681386431774605, 83
4,2021-01-02 01:50:00,12.1990375621003, 49.681386431774605, 83
4,2021-01-02 01:55:00,12.1990375621003, 49.681386431774605, 83
4,2021-01-02 02:00:00,12.1990375621003, 49.681386431774605, 83
4,2021-01-02 02:05:00,12.1990375621003, 49.681386431774605, 83
4,2021-01-02 02:10:00,12.1990375621003, 49.681386431774605, 83
4,2021-01-02 02:15:00,12.1990375621003, 49.681386431774605, 83
4,2021-01-02 02:20:00,12.1990375621003, 49.681386431774605, 83
4,2021-01-02 02:25:00,12.1990375621003, 49.681386431774605, 83
4,2021-01-02 02:30:00,12.1990375621003, 49.681386431774605, 83
4,2021-01-02 02:35:00,12.1990375621003, 49.681386431774605, 83
4,2021-01-02 02:40:00,12.1990375621003, 49.681386431774605, 83
4,2021-01-02 02:45:00,12.1990375621003, 49.681386431774605, 83
4,2021-01-02 02:50:00,12.1990375621003, 49.681386431774605, 83
4,2021-01-02 02:55:00,12.1990375621003, 49.681386431774605, 83
4,2021-01-02 03:00:00,12.1990375621003, 49.681386431774605, 83
4,2021-01-02 03:05:00,12.1990375621003, 49.681386431774605, 83
4,2021-01-02 03:10:00,12.1990375621003, 49.681386431774605, 83
4,2021-01-02 03:15:00,12.1990375621003, 49.681386431774605, 83
4,2021-01-02 03:20:00,12.1990375621003, 49.681386431774605, 83
4,2021-01-02 03:25:00,12.1990375621003, 49.681386431774605, 83
4,2021-01-02 03:30:00,12.1990375621003, 49.681386431774605, 83
4,2021-01-02 03:35:00,12.1990375621003, 49.681386431774605, 83
4,2021-01-02 03:40:00,12.199100974498474, 49.681410171947576, 84
4,2021-01-02 03:45:00,12.19916438689665, 49.681433912120546, 85
4,2021-01-02 03:50:00,12.19916438689665, 49.681433912120546, 85
4,2021-01-02 03:55:00,12.1991161781027, 49.68148936666601, 81
4,2021-01-02 04:00:00,12.199052765704526, 49.681465626493036, 80
4,2021-01-02 04:05:00,12.1991161781027, 49.68148936666601, 81
4,2021-01-02 04:10:00,12.19916438689665, 49.681433912120546, 85
4,2021-01-02 04:15:00,12.19916438689665, 49.681433912120546, 85
4,2021-01-02 04:20:00,12.1992125956906, 49.6813784575751, 89
4,2021-01-02 04:25:00,12.199260804484549, 49.68132300302965, 93
4,2021-01-02 04:30:00,12.199309013278498, 49.681267548484186, 97
4,2021-01-02 04:35:00,12.199309013278498, 49.681267548484186, 97
4,2021-01-02 04:40:00,12.199309013278498, 49.681267548484186, 97
4,2021-01-02 04:45:00,12.199357222072447, 49.68121209393873, 101
4,2021-01-02 04:50:00,12.199357222072447, 49.68121209393873, 101
4,2021-01-02 04:55:00,12.199357222072447, 49.68121209393873, 101
4,2021-01-02 05:00:00,12.199293809674272, 49.68118835376576, 100
4,2021-01-02 05:05:00,12.199293809674272, 49.68118835376576, 100
4,2021-01-02 05:10:00,12.199293809674272, 49.68118835376576, 100
4,2021-01-02 05:15:00,12.199293809674272, 49.68118835376576, 100
4,2021-01-02 05:20:00,12.19934201846822, 49.6811328992203, 104
4,2021-01-02 05:25:00,12.199278606070044, 49.68110915904733, 103
4,2021-01-02 05:30:00,12.199278606070044, 49.68110915904733, 103
4,2021-01-02 05:35:00,12.199215193671867, 49.68108541887436, 102
4,2021-01-02 05:40:00,12.199278606070044, 49.68110915904733, 103
4,2021-01-02 05:45:00,12.199278606070044, 49.68110915904733, 103
4,2021-01-02 05:50:00,12.19934201846822, 49.6811328992203, 104
4,2021-01-02 05:55:00,12.19934201846822, 49.6811328992203, 104
4,2021-01-02 06:00:00,12.199293809674272, 49.68118835376576, 100
4,2021-01-02 06:05:00,12.199293809674272, 49.68118835376576, 100
4,2021-01-02 06:10:00,12.199245600880321, 49.681243808311216, 96
4,2021-01-02 06:15:00,12.199245600880321, 49.681243808311216, 96
4,2021-01-02 06:20:00,12.199309013278498, 49.681267548484186, 97
4,2021-01-02 06:25:00,12.199309013278498, 49.681267548484186, 97
4,2021-01-02 06:30:00,12.199260804484549, 49.68132300302965, 93
4,2021-01-02 06:35:00,12.199260804484549, 49.68132300302965, 93
4,2021-01-02 06:40:00,12.199260804484549, 49.68132300302965, 93
4,2021-01-02 06:45:00,12.1992125956906, 49.6813784575751, 89
4,2021-01-02 06:50:00,12.1992125956906, 49.6813784575751, 89
4,2021-01-02 06:55:00,12.19916438689665, 49.681433912120546, 85
4,2021-01-02 07:00:00,12.19916438689665, 49.681433912120546, 85
4,2021-01-02 07:05:00,12.199100974498474, 49.681410171947576, 84
4,2021-01-02 07:10:00,12.199100974498474, 49.681410171947576, 84
4,2021-01-02 07:15:00,12.199100974498474, 49.681410171947576, 84
4,2021-01-02 07:20:00,12.1990375621003, 49.681386431774605, 83
4,2021-01-02 07:25:00,12.1990375621003, 49.681386431774605, 83
4,2021-01-02 07:30:00,12.1990375621003, 49.681386431774605, 83
4,2021-01-02 07:35:00,12.1990375621003, 49.681386431774605, 83
4,2021-01-02 07:40:00,12.1990375621003, 49.681386431774605, 83
4,2021-01-02 07:45:00,12.1990375621003, 49.681386431774605, 83
4,2021-01-02 07:50:00,12.1990375621003, 49.681386431774605, 83
4,2021-01-02 07:55:00,12.1990375621003, 49.681386431774605, 83
4,2021-01-02 08:00:00,12.1990375621003, 49.681386431774605, 83
4,2021-01-02 08:05:00,12.199100974498474, 49.681410171947576, 84
4,2021-01-02 08:10:00,12.199100974498474, 49.681410171947576, 84
4,2021-01-02 08:15:00,12.19916438689665, 49.681433912120546, 85
4,2021-01-02 08:20:00,12.19916438689665, 49.681433912120546, 85
4,2021-01-02 08:25:00,12.1991161781027, 49.68148936666601, 81
4,2021-01-02 08:30:00,12.1991161781027, 49.68148936666601, 81
4,2021-01-02 08:35:00,12.1991161781027, 49.68148936666601, 81
4,2021-01-02 08:40:00,12.199067969308752, 49.68154482121146, 77
4,2021-01-02 08:45:00,12.199019760514803, 49.68160027575692, 73
4,2021-01-02 08:50:00,12.199019760514803, 49.68160027575692, 73
4,2021-01-02 08:55:00,12.198971551720856, 49.68165573030237, 69
4,2021-01-02 09:00:00,12.198971551720856, 49.68165573030237, 69
4,2021-01-02 09:05:00,12.198908139322679, 49.6816319901294, 68
4,2021-01-02 09:10:00,12.198971551720856, 49.68165573030237, 69
4,2021-01-02 09:15:00,12.199019760514803, 49.68160027575692, 73
4,2021-01-02 09:20:00,12.199067969308752, 49.68154482121146, 77
4,2021-01-02 09:25:00,12.199146638222231, 49.68165036696969, 24
4,2021-01-02 09:30:00,12.199423700256421, 49.68165036696969, 25
4,2021-01-02 09:35:00,12.199423700256421, 49.681832185151514, 30
4,2021-01-02 09:40:00,12.199423700256421, 49.68201400333333, 38
4,2021-01-02 09:45:00,12.199423700256421, 49.68201400333333, 38
4,2021-01-02 09:50:00,12.199146638222231, 49.68201400333333, 37
4,2021-01-02 09:55:00,12.199146638222231, 49.68219582151515, 46
4,2021-01-02 10:00:00,12.199146638222231, 49.68219582151515, 46
4,2021-01-02 10:05:00,12.198869576188043, 49.68219582151515, 45
4,2021-01-02 10:10:00,12.198869576188043, 49.68219582151515, 45
4,2021-01-02 10:15:00,12.198869576188043, 49.68219582151515, 45
4,2021-01-02 10:20:00,12.198592514153853, 49.682377639696966, 53
4,2021-01-02 10:25:00,12.198592514153853, 49.682377639696966, 53
4,2021-01-02 10:30:00,12.198315452119664, 49.682377639696966, 52
4,2021-01-02 10:35:00,12.198315452119664, 49.68255945787879, 61
4,2021-01-02 10:40:00,12.198315452119664, 49.68255945787879, 61
4,2021-01-02 10:45:00,12.198315452119664, 49.68255945787879, 61
4,2021-01-02 10:50:00,12.198315452119664, 49.68255945787879, 61
4,2021-01-02 10:55:00,12.198038390085474, 49.68255945787879, 60
4,2021-01-02 11:00:00,12.198038390085474, 49.68255945787879, 60
4,2021-01-02 11:05:00,12.198038390085474, 49.682377639696966, 51
4,2021-01-02 11:10:00,12.197761328051286, 49.682377639696966, 50
4,2021-01-02 11:15:00,12.197761328051286, 49.68255945787879, 59
4,2021-01-02 11:20:00,12.197484266017096, 49.68255945787879, 58
4,2021-01-02 11:25:00,12.197484266017096, 49.682377639696966, 49
4,2021-01-02 11:30:00,12.197484266017096, 49.682377639696966, 49
4,2021-01-02 11:35:00,12.197484266017096, 49.682377639696966, 49
4,2021-01-02 11:40:00,12.197484266017096, 49.682377639696966, 49
4,2021-01-02 11:45:00,12.197761328051286, 49.682377639696966, 50
4,2021-01-02 11:50:00,12.197484266017096, 49.682377639696966, 49
4,2021-01-02 11:55:00,12.197484266017096, 49.682377639696966, 49
4,2021-01-02 12:00:00,12.197484266017096, 49.682377639696966, 49
4,2021-01-02 12:05:00,12.197484266017096, 49.682377639696966, 49
4,2021-01-02 12:10:00,12.197484266017096, 49.682377639696966, 49
4,2021-01-02 12:15:00,12.197761328051286, 49.682377639696966, 50
4,2021-01-02 12:20:00,12.197761328051286, 49.682377639696966, 50
4,2021-01-02 12:25:00,12.198038390085474, 49.682377639696966, 51
4,2021-01-02 12:30:00,12.198038390085474, 49.68219582151515, 42
4,2021-01-02 12:35:00,12.198315452119664, 49.68219582151515, 43
4,2021-01-02 12:40:00,12.198315452119664, 49.68219582151515, 43
4,2021-01-02 12:45:00,12.198315452119664, 49.68201400333333, 34
4,2021-01-02 12:50:00,12.198592514153853, 49.68201400333333, 35
4,2021-01-02 12:55:00,12.198592514153853, 49.68201400333333, 35
4,2021-01-02 13:00:00,12.198869576188043, 49.68201400333333, 36
4,2021-01-02 13:05:00,12.199146638222231, 49.68201400333333, 37
4,2021-01-02 13:10:00,12.199146638222231, 49.68201400333333, 37
4,2021-01-02 13:15:00,12.199146638222231, 49.681832185151514, 29
4,2021-01-02 13:20:00,12.199146638222231, 49.68165036696969, 24
4,2021-01-02 13:25:00,12.199067969308752, 49.68154482121146, 77
4,2021-01-02 13:30:00,12.199019760514803, 49.68160027575692, 73
4,2021-01-02 13:35:00,12.198971551720856, 49.68165573030237, 69
4,2021-01-02 13:40:00,12.198908139322679, 49.6816319901294, 68
4,2021-01-02 13:45:00,12.198971551720856, 49.68165573030237, 69
4,2021-01-02 13:50:00,12.199019760514803, 49.68160027575692, 73
4,2021-01-02 13:55:00,12.198956348116628, 49.681576535583936, 72
4,2021-01-02 14:00:00,12.199019760514803, 49.68160027575692, 73
4,2021-01-02 14:05:00,12.199067969308752, 49.68154482121146, 77
4,2021-01-02 14:10:00,12.199004556910577, 49.68152108103849, 76
4,2021-01-02 14:15:00,12.199004556910577, 49.68152108103849, 76
4,2021-01-02 14:20:00,12.199004556910577, 49.68152108103849, 76
4,2021-01-02 14:25:00,12.199004556910577, 49.68152108103849, 76
4,2021-01-02 14:30:00,12.199004556910577, 49.68152108103849, 76
4,2021-01-02 14:35:00,12.199004556910577, 49.68152108103849, 76
4,2021-01-02 14:40:00,12.199004556910577, 49.68152108103849, 76
4,2021-01-02 14:45:00,12.199004556910577, 49.68152108103849, 76
4,2021-01-02 14:50:00,12.199004556910577, 49.68152108103849, 76
4,2021-01-02 14:55:00,12.199004556910577, 49.68152108103849, 76
4,2021-01-02 15:00:00,12.199004556910577, 49.68152108103849, 76
4,2021-01-02 15:05:00,12.199004556910577, 49.68152108103849, 76
4,2021-01-02 15:10:00,12.199004556910577, 49.68152108103849, 76
4,2021-01-02 15:15:00,12.199004556910577, 49.68152108103849, 76
4,2021-01-02 15:20:00,12.199004556910577, 49.68152108103849, 76
4,2021-01-02 15:25:00,12.199004556910577, 49.68152108103849, 76
4,2021-01-02 15:30:00,12.199004556910577, 49.68152108103849, 76
4,2021-01-02 15:35:00,12.199004556910577, 49.68152108103849, 76
4,2021-01-02 15:40:00,12.199004556910577, 49.68152108103849, 76
4,2021-01-02 15:45:00,12.199004556910577, 49.68152108103849, 76
4,2021-01-02 15:50:00,12.199004556910577, 49.68152108103849, 76
4,2021-01-02 15:55:00,12.199004556910577, 49.68152108103849, 76
4,2021-01-02 16:00:00,12.199004556910577, 49.68152108103849, 76
4,2021-01-02 16:05:00,12.199004556910577, 49.68152108103849, 76
4,2021-01-02 16:10:00,12.199004556910577, 49.68152108103849, 76
4,2021-01-02 16:15:00,12.199004556910577, 49.68152108103849, 76
4,2021-01-02 16:20:00,12.199004556910577, 49.68152108103849, 76
4,2021-01-02 16:25:00,12.199004556910577, 49.68152108103849, 76
4,2021-01-02 16:30:00,12.199004556910577, 49.68152108103849, 76
4,2021-01-02 16:35:00,12.199004556910577, 49.68152108103849, 76
4,2021-01-02 16:40:00,12.199004556910577, 49.68152108103849, 76
4,2021-01-02 16:45:00,12.199004556910577, 49.68152108103849, 76
4,2021-01-02 16:50:00,12.199004556910577, 49.68152108103849, 76
4,2021-01-02 16:55:00,12.199004556910577, 49.68152108103849, 76
4,2021-01-02 17:00:00,12.199004556910577, 49.68152108103849, 76
4,2021-01-02 17:05:00,12.199004556910577, 49.68152108103849, 76
4,2021-01-02 17:10:00,12.199004556910577, 49.68152108103849, 76
4,2021-01-02 17:15:00,12.199004556910577, 49.68152108103849, 76
4,2021-01-02 17:20:00,12.199004556910577, 49.68152108103849, 76
4,2021-01-02 17:25:00,12.199004556910577, 49.68152108103849, 76
4,2021-01-02 17:30:00,12.199004556910577, 49.68152108103849, 76
4,2021-01-02 17:35:00,12.199004556910577, 49.68152108103849, 76
4,2021-01-02 17:40:00,12.199004556910577, 49.68152108103849, 76
4,2021-01-02 17:45:00,12.199004556910577, 49.68152108103849, 76
4,2021-01-02 17:50:00,12.199004556910577, 49.68152108103849, 76
4,2021-01-02 17:55:00,12.199004556910577, 49.68152108103849, 76
4,2021-01-02 18:00:00,12.199004556910577, 49.68152108103849, 76
4,2021-01-02 18:05:00,12.199004556910577, 49.68152108103849, 76
4,2021-01-02 18:10:00,12.199004556910577, 49.68152108103849, 76
4,2021-01-02 18:15:00,12.199004556910577, 49.68152108103849, 76
4,2021-01-02 18:20:00,12.199004556910577, 49.68152108103849, 76
4,2021-01-02 18:25:00,12.199004556910577, 49.68152108103849, 76
4,2021-01-02 18:30:00,12.199067969308752, 49.68154482121146, 77
4,2021-01-02 18:35:00,12.199019760514803, 49.68160027575692, 73
4,2021-01-02 18:40:00,12.198956348116628, 49.681576535583936, 72
4,2021-01-02 18:45:00,12.199019760514803, 49.68160027575692, 73
4,2021-01-02 18:50:00,12.199067969308752, 49.68154482121146, 77
4,2021-01-02 18:55:00,12.199004556910577, 49.68152108103849, 76
4,2021-01-02 19:00:00,12.199067969308752, 49.68154482121146, 77
4,2021-01-02 19:05:00,12.1991161781027, 49.68148936666601, 81
4,2021-01-02 19:10:00,12.1991161781027, 49.68148936666601, 81
4,2021-01-02 19:15:00,12.19916438689665, 49.681433912120546, 85
4,2021-01-02 19:20:00,12.19916438689665, 49.681433912120546, 85
4,2021-01-02 19:25:00,12.19916438689665, 49.681433912120546, 85
4,2021-01-02 19:30:00,12.1992125956906, 49.6813784575751, 89
4,2021-01-02 19:35:00,12.1992125956906, 49.6813784575751, 89
4,2021-01-02 19:40:00,12.19916438689665, 49.681433912120546, 85
4,2021-01-02 19:45:00,12.19916438689665, 49.681433912120546, 85
4,2021-01-02 19:50:00,12.1991161781027, 49.68148936666601, 81
4,2021-01-02 19:55:00,12.199052765704526, 49.681465626493036, 80
4,2021-01-02 20:00:00,12.199052765704526, 49.681465626493036, 80
4,2021-01-02 20:05:00,12.199052765704526, 49.681465626493036, 80
4,2021-01-02 20:10:00,12.1991161781027, 49.68148936666601, 81
4,2021-01-02 20:15:00,12.199067969308752, 49.68154482121146, 77
4,2021-01-02 20:20:00,12.199067969308752, 49.68154482121146, 77
4,2021-01-02 20:25:00,12.199004556910577, 49.68152108103849, 76
4,2021-01-02 20:30:00,12.199004556910577, 49.68152108103849, 76
4,2021-01-02 20:35:00,12.199004556910577, 49.68152108103849, 76
4,2021-01-02 20:40:00,12.199004556910577, 49.68152108103849, 76
4,2021-01-02 20:45:00,12.199004556910577, 49.68152108103849, 76
4,2021-01-02 20:50:00,12.199004556910577, 49.68152108103849, 76
4,2021-01-02 20:55:00,12.199004556910577, 49.68152108103849, 76
4,2021-01-02 21:00:00,12.199004556910577, 49.68152108103849, 76
4,2021-01-02 21:05:00,12.199004556910577, 49.68152108103849, 76
4,2021-01-02 21:10:00,12.199004556910577, 49.68152108103849, 76
4,2021-01-02 21:15:00,12.199004556910577, 49.68152108103849, 76
4,2021-01-02 21:20:00,12.199004556910577, 49.68152108103849, 76
4,2021-01-02 21:25:00,12.199004556910577, 49.68152108103849, 76
4,2021-01-02 21:30:00,12.199004556910577, 49.68152108103849, 76
4,2021-01-02 21:35:00,12.199004556910577, 49.68152108103849, 76
4,2021-01-02 21:40:00,12.199004556910577, 49.68152108103849, 76
4,2021-01-02 21:45:00,12.199004556910577, 49.68152108103849, 76
4,2021-01-02 21:50:00,12.199004556910577, 49.68152108103849, 76
4,2021-01-02 21:55:00,12.199004556910577, 49.68152108103849, 76
4,2021-01-02 22:00:00,12.199004556910577, 49.68152108103849, 76
4,2021-01-02 22:05:00,12.199004556910577, 49.68152108103849, 76
4,2021-01-02 22:10:00,12.199004556910577, 49.68152108103849, 76
4,2021-01-02 22:15:00,12.199004556910577, 49.68152108103849, 76
4,2021-01-02 22:20:00,12.199004556910577, 49.68152108103849, 76
4,2021-01-02 22:25:00,12.199004556910577, 49.68152108103849, 76
4,2021-01-02 22:30:00,12.199004556910577, 49.68152108103849, 76
4,2021-01-02 22:35:00,12.199004556910577, 49.68152108103849, 76
4,2021-01-02 22:40:00,12.199004556910577, 49.68152108103849, 76
4,2021-01-02 22:45:00,12.199004556910577, 49.68152108103849, 76
4,2021-01-02 22:50:00,12.199004556910577, 49.68152108103849, 76
4,2021-01-02 22:55:00,12.199004556910577, 49.68152108103849, 76
4,2021-01-02 23:00:00,12.199004556910577, 49.68152108103849, 76
4,2021-01-02 23:05:00,12.199004556910577, 49.68152108103849, 76
4,2021-01-02 23:10:00,12.199004556910577, 49.68152108103849, 76
4,2021-01-02 23:15:00,12.199004556910577, 49.68152108103849, 76
4,2021-01-02 23:20:00,12.199004556910577, 49.68152108103849, 76
4,2021-01-02 23:25:00,12.199004556910577, 49.68152108103849, 76
4,2021-01-02 23:30:00,12.199004556910577, 49.68152108103849, 76
4,2021-01-02 23:35:00,12.199004556910577, 49.68152108103849, 76
4,2021-01-02 23:40:00,12.199004556910577, 49.68152108103849, 76
4,2021-01-02 23:45:00,12.199004556910577, 49.68152108103849, 76
4,2021-01-02 23:50:00,12.199004556910577, 49.68152108103849, 76
4,2021-01-02 23:55:00,12.199004556910577, 49.68152108103849, 76
